companies,92
analysis,20
balancesheet,1312
cashflow,1187
documents,1585
profitandloss,1276
prosandcons,16
financial_ratios,1183
peer_groups,55
sectors,91
stock_prices,5519
companies,92
analysis,20
balancesheet,1312
cashflow,1187
documents,1585
profitandloss,1276
prosandcons,16
financial_ratios,1183
peer_groups,55
sectors,91
stock_prices,5519
companies,92
analysis,20
balancesheet,1312
cashflow,1187
documents,1585
profitandloss,1276
prosandcons,16
financial_ratios,1183
peer_groups,55
sectors,91
stock_prices,5519
companies,92
analysis,20
balancesheet,1312
cashflow,1187
documents,1585
profitandloss,1276
prosandcons,16
financial_ratios,1183
peer_groups,55
sectors,91
stock_prices,5519
companies,92
analysis,20
balancesheet,1312
cashflow,1187
documents,1585
profitandloss,1276
prosandcons,16
financial_ratios,1183
peer_groups,55
sectors,91
stock_prices,5519
companies,92
analysis,20
balancesheet,1312
cashflow,1187
documents,1585
profitandloss,1276
prosandcons,16
financial_ratios,1183
peer_groups,55
sectors,91
stock_prices,5519
companies,92
analysis,20
balancesheet,1312
cashflow,1187
documents,1585
profitandloss,1276
prosandcons,16
companies,92
analysis,20
balancesheet,1312
cashflow,1187
documents,1585
profitandloss,1276
prosandcons,16
financial_ratios,1184
peer_groups,56
sectors,92
stock_prices,5520
